"prefecture_no","prefecture","prefecture_name","city_no","city_name"
"01","","札幌市","01101","札幌市中央区"
"01","","札幌市","01102","札幌市北区"
"01","","札幌市","01103","札幌市東区"
"01","","札幌市","01104","札幌市白石区"
"01","","札幌市","01105","札幌市豊平区"
"01","","札幌市","01106","札幌市南区"
"01","","札幌市","01107","札幌市西区"
"01","","札幌市","01108","札幌市厚別区"
"01","","札幌市","01109","札幌市手稲区"
"01","","札幌市","01110","札幌市清田区"
"01","","道央 - そのほかの地域","01203","小樽市"
"01","","道央 - そのほかの地域","01205","室蘭市"
"01","","道央 - そのほかの地域","01209","夕張市"
"01","","道央 - そのほかの地域","01210","岩見沢市"
"01","","道央 - そのほかの地域","01213","苫小牧市"
"01","","道央 - そのほかの地域","01215","美唄市"
"01","","道央 - そのほかの地域","01216","芦別市"
"01","","道央 - そのほかの地域","01217","江別市"
"01","","道央 - そのほかの地域","01218","赤平市"
"01","","道央 - そのほかの地域","01222","三笠市"
"01","","道央 - そのほかの地域","01224","千歳市"
"01","","道央 - そのほかの地域","01225","滝川市"
"01","","道央 - そのほかの地域","01226","砂川市"
"01","","道央 - そのほかの地域","01227","歌志内市"
"01","","道央 - そのほかの地域","01228","深川市"
"01","","道央 - そのほかの地域","01230","登別市"
"01","","道央 - そのほかの地域","01231","恵庭市"
"01","","道央 - そのほかの地域","01233","伊達市"
"01","","道央 - そのほかの地域","01234","北広島市"
"01","","道央 - そのほかの地域","01235","石狩市"
"01","","道央 - そのほかの地域","01300","石狩郡"
"01","","道央 - そのほかの地域","01365","寿都郡"
"01","","道央 - そのほかの地域","01370","磯谷郡"
"01","","道央 - そのほかの地域","01375","虻田郡"
"01","","道央 - そのほかの地域","01395","古平郡"
"01","","道央 - そのほかの地域","01400","余市郡"
"01","","道央 - そのほかの地域","01410","夕張郡"
"01","","道央 - そのほかの地域","01415","樺戸郡"
"01","","道央 - そのほかの地域","01420","雨竜郡"
"01","","道央 - そのほかの地域","01430","勇払郡"
"01","","道央 - そのほかの地域","01505","白老郡"
"01","","道央 - そのほかの地域","01530","幌泉郡"
"01","","道央 - そのほかの地域","01535","日高郡"
"01","","道央 - そのほかの地域","on","浦河郡"
"01","","道央 - そのほかの地域","on","岩内郡"
"01","","道央 - そのほかの地域","on","古宇郡"
"01","","道央 - そのほかの地域","on","沙流郡"
"01","","道央 - そのほかの地域","on","新冠郡"
"01","","道央 - そのほかの地域","on","積丹郡"
"01","","道央 - そのほかの地域","on","島牧郡"
"01","","道央 - そのほかの地域","on","有珠郡"
"01","","道央 - そのほかの地域","on","様似郡"
"01","","道東","01206","釧路市"
"01","","道東","01207","帯広市"
"01","","道東","01208","北見市"
"01","","道東","01211","網走市"
"01","","道東","01219","紋別市"
"01","","道東","01223","根室市"
"01","","道東","01435","中川郡"
"01","","道東","01480","網走郡"
"01","","道東","01490","常呂郡"
"01","","道東","01495","紋別郡"
"01","","道東","01540","河東郡"
"01","","道東","01545","河西郡"
"01","","道東","01550","広尾郡"
"01","","道東","01555","足寄郡"
"01","","道東","01565","釧路郡"
"01","","道東","01570","厚岸郡"
"01","","道東","01575","川上郡"
"01","","道東","01585","白糠郡"
"01","","道東","01595","標津郡"
"01","","道東","01600","目梨郡"
"01","","道東","on","阿寒郡"
"01","","道東","on","斜里郡"
"01","","道東","on","十勝郡"
"01","","道東","on","野付郡"
"01","","道南","01202","函館市"
"01","","道南","01236","北斗市"
"01","","道南","01305","松前郡"
"01","","道南","01310","上磯郡"
"01","","道南","01315","亀田郡"
"01","","道南","01320","茅部郡"
"01","","道南","01325","二海郡"
"01","","道南","01335","檜山郡"
"01","","道南","01350","瀬棚郡"
"01","","道南","on","奥尻郡"
"01","","道南","on","久遠郡"
"01","","道南","on","山越郡"
"01","","道南","on","爾志郡"
"01","","道北","01204","旭川市"
"01","","道北","01212","留萌市"
"01","","道北","01214","稚内市"
"01","","道北","01220","士別市"
"01","","道北","01221","名寄市"
"01","","道北","01229","富良野市"
"01","","道北","01405","空知郡"
"01","","道北","01425","上川郡"
"01","","道北","01440","増毛郡"
"01","","道北","on","国後郡"
"01","","道北","on","枝幸郡"
"01","","道北","on","紗那郡"
"01","","道北","on","宗谷郡"
"01","","道北","on","色丹郡"
"01","","道北","on","択捉郡"
"01","","道北","on","天塩郡"
"01","","道北","on","苫前郡"
"01","","道北","on","利尻郡"
"01","","道北","on","留萌郡"
"01","","道北","on","礼文郡"
"01","","道北","on","蘂取郡"
"02","","青森県","02201","青森市"
"02","","青森県","02202","弘前市"
"02","","青森県","02203","八戸市"
"02","","青森県","02204","黒石市"
"02","","青森県","02205","五所川原市"
"02","","青森県","02206","十和田市"
"02","","青森県","02207","三沢市"
"02","","青森県","02208","むつ市"
"02","","青森県","02209","つがる市"
"02","","青森県","02210","平川市"
"02","","青森県","02300","東津軽郡"
"02","","青森県","02320","西津軽郡"
"02","","青森県","02360","南津軽郡"
"02","","青森県","02380","北津軽郡"
"02","","青森県","02400","上北郡"
"02","","青森県","02420","下北郡"
"02","","青森県","02440","三戸郡"
"02","","青森県","on","中津軽郡"
"03","","岩手県","03201","盛岡市"
"03","","岩手県","03202","宮古市"
"03","","岩手県","03203","大船渡市"
"03","","岩手県","03205","花巻市"
"03","","岩手県","03206","北上市"
"03","","岩手県","03207","久慈市"
"03","","岩手県","03208","遠野市"
"03","","岩手県","03209","一関市"
"03","","岩手県","03210","陸前高田市"
"03","","岩手県","03211","釜石市"
"03","","岩手県","03213","二戸市"
"03","","岩手県","03214","八幡平市"
"03","","岩手県","03215","奥州市"
"03","","岩手県","03216","滝沢市"
"03","","岩手県","03300","岩手郡"
"03","","岩手県","03320","紫波郡"
"03","","岩手県","03360","和賀郡"
"03","","岩手県","03380","胆沢郡"
"03","","岩手県","03400","西磐井郡"
"03","","岩手県","03440","気仙郡"
"03","","岩手県","03460","上閉伊郡"
"03","","岩手県","03480","下閉伊郡"
"03","","岩手県","03500","九戸郡"
"03","","岩手県","on","二戸郡"
"04","","宮城県 - そのほかの地域","04202","石巻市"
"04","","宮城県 - そのほかの地域","04203","塩竈市"
"04","","宮城県 - そのほかの地域","04205","気仙沼市"
"04","","宮城県 - そのほかの地域","04206","白石市"
"04","","宮城県 - そのほかの地域","04207","名取市"
"04","","宮城県 - そのほかの地域","04208","角田市"
"04","","宮城県 - そのほかの地域","04209","多賀城市"
"04","","宮城県 - そのほかの地域","04211","岩沼市"
"04","","宮城県 - そのほかの地域","04212","登米市"
"04","","宮城県 - そのほかの地域","04213","栗原市"
"04","","宮城県 - そのほかの地域","04214","東松島市"
"04","","宮城県 - そのほかの地域","04215","大崎市"
"04","","宮城県 - そのほかの地域","04216","富谷市"
"04","","宮城県 - そのほかの地域","04300","刈田郡"
"04","","宮城県 - そのほかの地域","04320","柴田郡"
"04","","宮城県 - そのほかの地域","04360","亘理郡"
"04","","宮城県 - そのほかの地域","04400","宮城郡"
"04","","宮城県 - そのほかの地域","04420","黒川郡"
"04","","宮城県 - そのほかの地域","04440","加美郡"
"04","","宮城県 - そのほかの地域","04500","遠田郡"
"04","","宮城県 - そのほかの地域","04600","本吉郡"
"04","","宮城県 - そのほかの地域","on","伊具郡"
"04","","宮城県 - そのほかの地域","on","牡鹿郡"
"04","","仙台市","04101","仙台市青葉区"
"04","","仙台市","04102","仙台市宮城野区"
"04","","仙台市","04103","仙台市若林区"
"04","","仙台市","04104","仙台市太白区"
"04","","仙台市","04105","仙台市泉区"
"05","","秋田県","05201","秋田市"
"05","","秋田県","05202","能代市"
"05","","秋田県","05203","横手市"
"05","","秋田県","05204","大館市"
"05","","秋田県","05206","男鹿市"
"05","","秋田県","05207","湯沢市"
"05","","秋田県","05209","鹿角市"
"05","","秋田県","05210","由利本荘市"
"05","","秋田県","05211","潟上市"
"05","","秋田県","05212","大仙市"
"05","","秋田県","05213","北秋田市"
"05","","秋田県","05214","にかほ市"
"05","","秋田県","05215","仙北市"
"05","","秋田県","05340","山本郡"
"05","","秋田県","05360","南秋田郡"
"05","","秋田県","05420","仙北郡"
"05","","秋田県","05460","雄勝郡"
"05","","秋田県","on","鹿角郡"
"05","","秋田県","on","北秋田郡"
"06","","山形県","06201","山形市"
"06","","山形県","06202","米沢市"
"06","","山形県","06203","鶴岡市"
"06","","山形県","06204","酒田市"
"06","","山形県","06205","新庄市"
"06","","山形県","06206","寒河江市"
"06","","山形県","06207","上山市"
"06","","山形県","06208","村山市"
"06","","山形県","06209","長井市"
"06","","山形県","06210","天童市"
"06","","山形県","06211","東根市"
"06","","山形県","06212","尾花沢市"
"06","","山形県","06213","南陽市"
"06","","山形県","06300","東村山郡"
"06","","山形県","06320","西村山郡"
"06","","山形県","06360","最上郡"
"06","","山形県","06380","東置賜郡"
"06","","山形県","06400","西置賜郡"
"06","","山形県","06420","東田川郡"
"06","","山形県","on","飽海郡"
"06","","山形県","on","北村山郡"
"07","","福島県","07201","福島市"
"07","","福島県","07202","会津若松市"
"07","","福島県","07203","郡山市"
"07","","福島県","07204","いわき市"
"07","","福島県","07205","白河市"
"07","","福島県","07207","須賀川市"
"07","","福島県","07208","喜多方市"
"07","","福島県","07209","相馬市"
"07","","福島県","07210","二本松市"
"07","","福島県","07211","田村市"
"07","","福島県","07212","南相馬市"
"07","","福島県","07213","伊達市"
"07","","福島県","07214","本宮市"
"07","","福島県","07300","伊達郡"
"07","","福島県","07320","安達郡"
"07","","福島県","07340","岩瀬郡"
"07","","福島県","07360","南会津郡"
"07","","福島県","07400","耶麻郡"
"07","","福島県","07420","河沼郡"
"07","","福島県","07440","大沼郡"
"07","","福島県","07460","西白河郡"
"07","","福島県","07480","東白川郡"
"07","","福島県","07500","石川郡"
"07","","福島県","07520","田村郡"
"07","","福島県","07540","双葉郡"
"07","","福島県","07560","相馬郡"
"08","","茨城県","08201","水戸市"
"08","","茨城県","08202","日立市"
"08","","茨城県","08203","土浦市"
"08","","茨城県","08204","古河市"
"08","","茨城県","08205","石岡市"
"08","","茨城県","08207","結城市"
"08","","茨城県","08208","龍ケ崎市"
"08","","茨城県","08210","下妻市"
"08","","茨城県","08211","常総市"
"08","","茨城県","08212","常陸太田市"
"08","","茨城県","08214","高萩市"
"08","","茨城県","08215","北茨城市"
"08","","茨城県","08216","笠間市"
"08","","茨城県","08217","取手市"
"08","","茨城県","08219","牛久市"
"08","","茨城県","08220","つくば市"
"08","","茨城県","08221","ひたちなか市"
"08","","茨城県","08222","鹿嶋市"
"08","","茨城県","08223","潮来市"
"08","","茨城県","08224","守谷市"
"08","","茨城県","08225","常陸大宮市"
"08","","茨城県","08226","那珂市"
"08","","茨城県","08227","筑西市"
"08","","茨城県","08228","坂東市"
"08","","茨城県","08229","稲敷市"
"08","","茨城県","08230","かすみがうら市"
"08","","茨城県","08231","桜川市"
"08","","茨城県","08232","神栖市"
"08","","茨城県","08233","行方市"
"08","","茨城県","08234","鉾田市"
"08","","茨城県","08235","つくばみらい市"
"08","","茨城県","08236","小美玉市"
"08","","茨城県","08300","東茨城郡"
"08","","茨城県","08340","那珂郡"
"08","","茨城県","08360","久慈郡"
"08","","茨城県","08440","稲敷郡"
"08","","茨城県","08520","結城郡"
"08","","茨城県","08540","猿島郡"
"08","","茨城県","08560","北相馬郡"
"09","","栃木県","09201","宇都宮市"
"09","","栃木県","09202","足利市"
"09","","栃木県","09203","栃木市"
"09","","栃木県","09204","佐野市"
"09","","栃木県","09205","鹿沼市"
"09","","栃木県","09206","日光市"
"09","","栃木県","09208","小山市"
"09","","栃木県","09209","真岡市"
"09","","栃木県","09210","大田原市"
"09","","栃木県","09211","矢板市"
"09","","栃木県","09213","那須塩原市"
"09","","栃木県","09214","さくら市"
"09","","栃木県","09215","那須烏山市"
"09","","栃木県","09216","下野市"
"09","","栃木県","09300","河内郡"
"09","","栃木県","09340","芳賀郡"
"09","","栃木県","09360","下都賀郡"
"09","","栃木県","09380","塩谷郡"
"09","","栃木県","09400","那須郡"
"10","","群馬県","10201","前橋市"
"10","","群馬県","10202","高崎市"
"10","","群馬県","10203","桐生市"
"10","","群馬県","10204","伊勢崎市"
"10","","群馬県","10205","太田市"
"10","","群馬県","10206","沼田市"
"10","","群馬県","10207","館林市"
"10","","群馬県","10208","渋川市"
"10","","群馬県","10209","藤岡市"
"10","","群馬県","10210","富岡市"
"10","","群馬県","10211","安中市"
"10","","群馬県","10212","みどり市"
"10","","群馬県","10340","北群馬郡"
"10","","群馬県","10380","甘楽郡"
"10","","群馬県","10420","吾妻郡"
"10","","群馬県","10440","利根郡"
"10","","群馬県","10460","佐波郡"
"10","","群馬県","10520","邑楽郡"
"10","","群馬県","on","多野郡"
"11","","さいたま市","11101","さいたま市西区"
"11","","さいたま市","11102","さいたま市北区"
"11","","さいたま市","11103","さいたま市大宮区"
"11","","さいたま市","11104","さいたま市見沼区"
"11","","さいたま市","11105","さいたま市中央区"
"11","","さいたま市","11106","さいたま市桜区"
"11","","さいたま市","11107","さいたま市浦和区"
"11","","さいたま市","11108","さいたま市南区"
"11","","さいたま市","11109","さいたま市緑区"
"11","","さいたま市","11110","さいたま市岩槻区"
"11","","埼玉県 - そのほかの地域","11201","川越市"
"11","","埼玉県 - そのほかの地域","11202","熊谷市"
"11","","埼玉県 - そのほかの地域","11203","川口市"
"11","","埼玉県 - そのほかの地域","11206","行田市"
"11","","埼玉県 - そのほかの地域","11207","秩父市"
"11","","埼玉県 - そのほかの地域","11208","所沢市"
"11","","埼玉県 - そのほかの地域","11209","飯能市"
"11","","埼玉県 - そのほかの地域","11210","加須市"
"11","","埼玉県 - そのほかの地域","11211","本庄市"
"11","","埼玉県 - そのほかの地域","11212","東松山市"
"11","","埼玉県 - そのほかの地域","11214","春日部市"
"11","","埼玉県 - そのほかの地域","11215","狭山市"
"11","","埼玉県 - そのほかの地域","11216","羽生市"
"11","","埼玉県 - そのほかの地域","11217","鴻巣市"
"11","","埼玉県 - そのほかの地域","11218","深谷市"
"11","","埼玉県 - そのほかの地域","11219","上尾市"
"11","","埼玉県 - そのほかの地域","11221","草加市"
"11","","埼玉県 - そのほかの地域","11222","越谷市"
"11","","埼玉県 - そのほかの地域","11223","蕨市"
"11","","埼玉県 - そのほかの地域","11224","戸田市"
"11","","埼玉県 - そのほかの地域","11225","入間市"
"11","","埼玉県 - そのほかの地域","11227","朝霞市"
"11","","埼玉県 - そのほかの地域","11228","志木市"
"11","","埼玉県 - そのほかの地域","11229","和光市"
"11","","埼玉県 - そのほかの地域","11230","新座市"
"11","","埼玉県 - そのほかの地域","11231","桶川市"
"11","","埼玉県 - そのほかの地域","11232","久喜市"
"11","","埼玉県 - そのほかの地域","11233","北本市"
"11","","埼玉県 - そのほかの地域","11234","八潮市"
"11","","埼玉県 - そのほかの地域","11235","富士見市"
"11","","埼玉県 - そのほかの地域","11237","三郷市"
"11","","埼玉県 - そのほかの地域","11238","蓮田市"
"11","","埼玉県 - そのほかの地域","11239","坂戸市"
"11","","埼玉県 - そのほかの地域","11240","幸手市"
"11","","埼玉県 - そのほかの地域","11241","鶴ヶ島市"
"11","","埼玉県 - そのほかの地域","11242","日高市"
"11","","埼玉県 - そのほかの地域","11243","吉川市"
"11","","埼玉県 - そのほかの地域","11245","ふじみ野市"
"11","","埼玉県 - そのほかの地域","11246","白岡市"
"11","","埼玉県 - そのほかの地域","11300","北足立郡"
"11","","埼玉県 - そのほかの地域","11320","入間郡"
"11","","埼玉県 - そのほかの地域","11340","比企郡"
"11","","埼玉県 - そのほかの地域","11360","秩父郡"
"11","","埼玉県 - そのほかの地域","11380","児玉郡"
"11","","埼玉県 - そのほかの地域","11400","大里郡"
"11","","埼玉県 - そのほかの地域","11440","南埼玉郡"
"11","","埼玉県 - そのほかの地域","11460","北葛飾郡"
"12","","千葉県 - そのほかの地域","12202","銚子市"
"12","","千葉県 - そのほかの地域","12203","市川市"
"12","","千葉県 - そのほかの地域","12204","船橋市"
"12","","千葉県 - そのほかの地域","12205","館山市"
"12","","千葉県 - そのほかの地域","12206","木更津市"
"12","","千葉県 - そのほかの地域","12207","松戸市"
"12","","千葉県 - そのほかの地域","12208","野田市"
"12","","千葉県 - そのほかの地域","12210","茂原市"
"12","","千葉県 - そのほかの地域","12211","成田市"
"12","","千葉県 - そのほかの地域","12212","佐倉市"
"12","","千葉県 - そのほかの地域","12213","東金市"
"12","","千葉県 - そのほかの地域","12215","旭市"
"12","","千葉県 - そのほかの地域","12216","習志野市"
"12","","千葉県 - そのほかの地域","12217","柏市"
"12","","千葉県 - そのほかの地域","12218","勝浦市"
"12","","千葉県 - そのほかの地域","12219","市原市"
"12","","千葉県 - そのほかの地域","12220","流山市"
"12","","千葉県 - そのほかの地域","12221","八千代市"
"12","","千葉県 - そのほかの地域","12222","我孫子市"
"12","","千葉県 - そのほかの地域","12223","鴨川市"
"12","","千葉県 - そのほかの地域","12224","鎌ケ谷市"
"12","","千葉県 - そのほかの地域","12225","君津市"
"12","","千葉県 - そのほかの地域","12226","富津市"
"12","","千葉県 - そのほかの地域","12227","浦安市"
"12","","千葉県 - そのほかの地域","12228","四街道市"
"12","","千葉県 - そのほかの地域","12229","袖ケ浦市"
"12","","千葉県 - そのほかの地域","12230","八街市"
"12","","千葉県 - そのほかの地域","12231","印西市"
"12","","千葉県 - そのほかの地域","12232","白井市"
"12","","千葉県 - そのほかの地域","12233","富里市"
"12","","千葉県 - そのほかの地域","12234","南房総市"
"12","","千葉県 - そのほかの地域","12235","匝瑳市"
"12","","千葉県 - そのほかの地域","12236","香取市"
"12","","千葉県 - そのほかの地域","12237","山武市"
"12","","千葉県 - そのほかの地域","12238","いすみ市"
"12","","千葉県 - そのほかの地域","12239","大網白里市"
"12","","千葉県 - そのほかの地域","12320","印旛郡"
"12","","千葉県 - そのほかの地域","12340","香取郡"
"12","","千葉県 - そのほかの地域","12400","山武郡"
"12","","千葉県 - そのほかの地域","12420","長生郡"
"12","","千葉県 - そのほかの地域","12440","夷隅郡"
"12","","千葉県 - そのほかの地域","on","安房郡"
"12","","千葉市","12101","千葉市中央区"
"12","","千葉市","12102","千葉市花見川区"
"12","","千葉市","12103","千葉市稲毛区"
"12","","千葉市","12104","千葉市若葉区"
"12","","千葉市","12105","千葉市緑区"
"12","","千葉市","12106","千葉市美浜区"
"13","","東京都 - 23区西部","13114","中野区"
"13","","東京都 - 23区西部","13115","杉並区"
"13","","東京都 - 23区西部","13120","練馬区"
"13","","東京都 - 23区東部","13106","台東区"
"13","","東京都 - 23区東部","13107","墨田区"
"13","","東京都 - 23区東部","13108","江東区"
"13","","東京都 - 23区東部","13118","荒川区"
"13","","東京都 - 23区東部","13121","足立区"
"13","","東京都 - 23区東部","13122","葛飾区"
"13","","東京都 - 23区東部","13123","江戸川区"
"13","","東京都 - 23区南部","13109","品川区"
"13","","東京都 - 23区南部","13110","目黒区"
"13","","東京都 - 23区南部","13111","大田区"
"13","","東京都 - 23区南部","13112","世田谷区"
"13","","東京都 - 23区北部","13116","豊島区"
"13","","東京都 - 23区北部","13117","北区"
"13","","東京都 - 23区北部","13119","板橋区"
"13","","東京都 - 都下","13201","八王子市"
"13","","東京都 - 都下","13202","立川市"
"13","","東京都 - 都下","13203","武蔵野市"
"13","","東京都 - 都下","13204","三鷹市"
"13","","東京都 - 都下","13205","青梅市"
"13","","東京都 - 都下","13206","府中市"
"13","","東京都 - 都下","13207","昭島市"
"13","","東京都 - 都下","13208","調布市"
"13","","東京都 - 都下","13209","町田市"
"13","","東京都 - 都下","13210","小金井市"
"13","","東京都 - 都下","13211","小平市"
"13","","東京都 - 都下","13212","日野市"
"13","","東京都 - 都下","13213","東村山市"
"13","","東京都 - 都下","13214","国分寺市"
"13","","東京都 - 都下","13215","国立市"
"13","","東京都 - 都下","13218","福生市"
"13","","東京都 - 都下","13219","狛江市"
"13","","東京都 - 都下","13220","東大和市"
"13","","東京都 - 都下","13221","清瀬市"
"13","","東京都 - 都下","13222","東久留米市"
"13","","東京都 - 都下","13223","武蔵村山市"
"13","","東京都 - 都下","13224","多摩市"
"13","","東京都 - 都下","13225","稲城市"
"13","","東京都 - 都下","13227","羽村市"
"13","","東京都 - 都下","13228","あきる野市"
"13","","東京都 - 都下","13229","西東京市"
"13","","東京都 - 都下","13300","西多摩郡"
"13","","東京都 - 都下","on","御蔵島村"
"13","","東京都 - 都下","on","三宅支庁"
"13","","東京都 - 都下","on","三宅島三宅村"
"13","","東京都 - 都下","on","小笠原支庁"
"13","","東京都 - 都下","on","小笠原村"
"13","","東京都 - 都下","on","新島村"
"13","","東京都 - 都下","on","神津島村"
"13","","東京都 - 都下","on","青ヶ島村"
"13","","東京都 - 都下","on","大島支庁"
"13","","東京都 - 都下","on","大島町"
"13","","東京都 - 都下","on","八丈支庁"
"13","","東京都 - 都下","on","八丈島八丈町"
"13","","東京都 - 都下","on","利島村"
"13","","東京都 - 都心部","13101","千代田区"
"13","","東京都 - 都心部","13102","中央区"
"13","","東京都 - 都心部","13103","港区"
"13","","東京都 - 都心部","13104","新宿区"
"13","","東京都 - 都心部","13105","文京区"
"13","","東京都 - 都心部","13113","渋谷区"
"14","","横浜市","14101","横浜市鶴見区"
"14","","横浜市","14102","横浜市神奈川区"
"14","","横浜市","14103","横浜市西区"
"14","","横浜市","14104","横浜市中区"
"14","","横浜市","14105","横浜市南区"
"14","","横浜市","14106","横浜市保土ケ谷区"
"14","","横浜市","14107","横浜市磯子区"
"14","","横浜市","14108","横浜市金沢区"
"14","","横浜市","14109","横浜市港北区"
"14","","横浜市","14110","横浜市戸塚区"
"14","","横浜市","14111","横浜市港南区"
"14","","横浜市","14112","横浜市旭区"
"14","","横浜市","14113","横浜市緑区"
"14","","横浜市","14114","横浜市瀬谷区"
"14","","横浜市","14115","横浜市栄区"
"14","","横浜市","14116","横浜市泉区"
"14","","横浜市","14117","横浜市青葉区"
"14","","横浜市","14118","横浜市都筑区"
"14","","神奈川県 - そのほかの地域","14201","横須賀市"
"14","","神奈川県 - そのほかの地域","14203","平塚市"
"14","","神奈川県 - そのほかの地域","14204","鎌倉市"
"14","","神奈川県 - そのほかの地域","14205","藤沢市"
"14","","神奈川県 - そのほかの地域","14206","小田原市"
"14","","神奈川県 - そのほかの地域","14207","茅ヶ崎市"
"14","","神奈川県 - そのほかの地域","14208","逗子市"
"14","","神奈川県 - そのほかの地域","14210","三浦市"
"14","","神奈川県 - そのほかの地域","14211","秦野市"
"14","","神奈川県 - そのほかの地域","14212","厚木市"
"14","","神奈川県 - そのほかの地域","14213","大和市"
"14","","神奈川県 - そのほかの地域","14214","伊勢原市"
"14","","神奈川県 - そのほかの地域","14215","海老名市"
"14","","神奈川県 - そのほかの地域","14216","座間市"
"14","","神奈川県 - そのほかの地域","14217","南足柄市"
"14","","神奈川県 - そのほかの地域","14218","綾瀬市"
"14","","神奈川県 - そのほかの地域","14300","三浦郡葉山町"
"14","","神奈川県 - そのほかの地域","14320","高座郡"
"14","","神奈川県 - そのほかの地域","14340","中郡"
"14","","神奈川県 - そのほかの地域","14360","足柄上郡"
"14","","神奈川県 - そのほかの地域","14380","足柄下郡"
"14","","神奈川県 - そのほかの地域","14400","愛甲郡"
"14","","川崎市","14131","川崎市川崎区"
"14","","川崎市","14132","川崎市幸区"
"14","","川崎市","14133","川崎市中原区"
"14","","川崎市","14134","川崎市高津区"
"14","","川崎市","14135","川崎市多摩区"
"14","","川崎市","14136","川崎市宮前区"
"14","","川崎市","14137","川崎市麻生区"
"14","","相模原市","14151","相模原市緑区"
"14","","相模原市","14152","相模原市中央区"
"14","","相模原市","14153","相模原市南区"
"15","","新潟県 - そのほかの地域","15202","長岡市"
"15","","新潟県 - そのほかの地域","15204","三条市"
"15","","新潟県 - そのほかの地域","15205","柏崎市"
"15","","新潟県 - そのほかの地域","15206","新発田市"
"15","","新潟県 - そのほかの地域","15208","小千谷市"
"15","","新潟県 - そのほかの地域","15209","加茂市"
"15","","新潟県 - そのほかの地域","15210","十日町市"
"15","","新潟県 - そのほかの地域","15211","見附市"
"15","","新潟県 - そのほかの地域","15212","村上市"
"15","","新潟県 - そのほかの地域","15213","燕市"
"15","","新潟県 - そのほかの地域","15216","糸魚川市"
"15","","新潟県 - そのほかの地域","15217","妙高市"
"15","","新潟県 - そのほかの地域","15218","五泉市"
"15","","新潟県 - そのほかの地域","15222","上越市"
"15","","新潟県 - そのほかの地域","15223","阿賀野市"
"15","","新潟県 - そのほかの地域","15224","佐渡市"
"15","","新潟県 - そのほかの地域","15225","魚沼市"
"15","","新潟県 - そのほかの地域","15226","南魚沼市"
"15","","新潟県 - そのほかの地域","15227","胎内市"
"15","","新潟県 - そのほかの地域","15300","北蒲原郡"
"15","","新潟県 - そのほかの地域","15340","西蒲原郡"
"15","","新潟県 - そのほかの地域","15360","南蒲原郡"
"15","","新潟県 - そのほかの地域","15460","南魚沼郡"
"15","","新潟県 - そのほかの地域","on","刈羽郡"
"15","","新潟県 - そのほかの地域","on","岩船郡"
"15","","新潟県 - そのほかの地域","on","三島郡"
"15","","新潟県 - そのほかの地域","on","中魚沼郡"
"15","","新潟県 - そのほかの地域","on","東蒲原郡"
"15","","新潟市","15101","新潟市北区"
"15","","新潟市","15102","新潟市東区"
"15","","新潟市","15103","新潟市中央区"
"15","","新潟市","15104","新潟市江南区"
"15","","新潟市","15105","新潟市秋葉区"
"15","","新潟市","15106","新潟市南区"
"15","","新潟市","15107","新潟市西区"
"15","","新潟市","15108","新潟市西蒲区"
"16","","富山県","16201","富山市"
"16","","富山県","16202","高岡市"
"16","","富山県","16204","魚津市"
"16","","富山県","16205","氷見市"
"16","","富山県","16206","滑川市"
"16","","富山県","16207","黒部市"
"16","","富山県","16208","砺波市"
"16","","富山県","16209","小矢部市"
"16","","富山県","16210","南砺市"
"16","","富山県","16211","射水市"
"16","","富山県","16320","中新川郡"
"16","","富山県","16340","下新川郡"
"17","","石川県","17201","金沢市"
"17","","石川県","17202","七尾市"
"17","","石川県","17203","小松市"
"17","","石川県","17204","輪島市"
"17","","石川県","17205","珠洲市"
"17","","石川県","17206","加賀市"
"17","","石川県","17207","羽咋市"
"17","","石川県","17209","かほく市"
"17","","石川県","17210","白山市"
"17","","石川県","17211","能美市"
"17","","石川県","17212","野々市市"
"17","","石川県","17320","能美郡"
"17","","石川県","17360","河北郡"
"17","","石川県","17380","羽咋郡"
"17","","石川県","17400","鹿島郡"
"17","","石川県","17460","鳳珠郡"
"18","","福井県","18201","福井市"
"18","","福井県","18202","敦賀市"
"18","","福井県","18204","小浜市"
"18","","福井県","18205","大野市"
"18","","福井県","18206","勝山市"
"18","","福井県","18207","鯖江市"
"18","","福井県","18208","あわら市"
"18","","福井県","18209","越前市"
"18","","福井県","18210","坂井市"
"18","","福井県","18320","吉田郡"
"18","","福井県","18400","南条郡"
"18","","福井県","18420","丹生郡"
"18","","福井県","18440","三方郡"
"18","","福井県","18480","大飯郡"
"18","","福井県","on","今立郡"
"18","","福井県","on","三方上中郡"
"19","","山梨県","19201","甲府市"
"19","","山梨県","19202","富士吉田市"
"19","","山梨県","19204","都留市"
"19","","山梨県","19205","山梨市"
"19","","山梨県","19206","大月市"
"19","","山梨県","19207","韮崎市"
"19","","山梨県","19208","南アルプス市"
"19","","山梨県","19209","北杜市"
"19","","山梨県","19210","甲斐市"
"19","","山梨県","19211","笛吹市"
"19","","山梨県","19212","上野原市"
"19","","山梨県","19213","甲州市"
"19","","山梨県","19214","中央市"
"19","","山梨県","19340","西八代郡"
"19","","山梨県","19360","南巨摩郡"
"19","","山梨県","19380","中巨摩郡"
"19","","山梨県","19420","南都留郡"
"19","","山梨県","on","北都留郡"
"20","","長野県","20201","長野市"
"20","","長野県","20202","松本市"
"20","","長野県","20203","上田市"
"20","","長野県","20204","岡谷市"
"20","","長野県","20205","飯田市"
"20","","長野県","20206","諏訪市"
"20","","長野県","20207","須坂市"
"20","","長野県","20208","小諸市"
"20","","長野県","20209","伊那市"
"20","","長野県","20210","駒ヶ根市"
"20","","長野県","20211","中野市"
"20","","長野県","20212","大町市"
"20","","長野県","20213","飯山市"
"20","","長野県","20214","茅野市"
"20","","長野県","20215","塩尻市"
"20","","長野県","20217","佐久市"
"20","","長野県","20218","千曲市"
"20","","長野県","20219","東御市"
"20","","長野県","20220","安曇野市"
"20","","長野県","20300","南佐久郡"
"20","","長野県","20320","北佐久郡"
"20","","長野県","20340","小県郡"
"20","","長野県","20360","諏訪郡"
"20","","長野県","20380","上伊那郡"
"20","","長野県","20400","下伊那郡"
"20","","長野県","20420","木曽郡"
"20","","長野県","20440","東筑摩郡"
"20","","長野県","20480","北安曇郡"
"20","","長野県","20520","埴科郡"
"20","","長野県","20540","上高井郡"
"20","","長野県","20560","下高井郡"
"20","","長野県","20580","上水内郡"
"20","","長野県","20600","下水内郡"
"21","","岐阜県","21201","岐阜市"
"21","","岐阜県","21202","大垣市"
"21","","岐阜県","21203","高山市"
"21","","岐阜県","21204","多治見市"
"21","","岐阜県","21205","関市"
"21","","岐阜県","21206","中津川市"
"21","","岐阜県","21207","美濃市"
"21","","岐阜県","21208","瑞浪市"
"21","","岐阜県","21209","羽島市"
"21","","岐阜県","21210","恵那市"
"21","","岐阜県","21211","美濃加茂市"
"21","","岐阜県","21212","土岐市"
"21","","岐阜県","21213","各務原市"
"21","","岐阜県","21214","可児市"
"21","","岐阜県","21215","山県市"
"21","","岐阜県","21216","瑞穂市"
"21","","岐阜県","21217","飛騨市"
"21","","岐阜県","21218","本巣市"
"21","","岐阜県","21219","郡上市"
"21","","岐阜県","21220","下呂市"
"21","","岐阜県","21221","海津市"
"21","","岐阜県","21300","羽島郡"
"21","","岐阜県","21340","養老郡"
"21","","岐阜県","21360","不破郡"
"21","","岐阜県","21380","安八郡"
"21","","岐阜県","21400","揖斐郡"
"21","","岐阜県","21420","本巣郡"
"21","","岐阜県","21500","加茂郡"
"21","","岐阜県","21520","可児郡"
"21","","岐阜県","on","大野郡"
"22","","静岡県 - そのほかの地域","22203","沼津市"
"22","","静岡県 - そのほかの地域","22205","熱海市"
"22","","静岡県 - そのほかの地域","22206","三島市"
"22","","静岡県 - そのほかの地域","22207","富士宮市"
"22","","静岡県 - そのほかの地域","22208","伊東市"
"22","","静岡県 - そのほかの地域","22209","島田市"
"22","","静岡県 - そのほかの地域","22210","富士市"
"22","","静岡県 - そのほかの地域","22211","磐田市"
"22","","静岡県 - そのほかの地域","22212","焼津市"
"22","","静岡県 - そのほかの地域","22213","掛川市"
"22","","静岡県 - そのほかの地域","22214","藤枝市"
"22","","静岡県 - そのほかの地域","22215","御殿場市"
"22","","静岡県 - そのほかの地域","22216","袋井市"
"22","","静岡県 - そのほかの地域","22219","下田市"
"22","","静岡県 - そのほかの地域","22220","裾野市"
"22","","静岡県 - そのほかの地域","22221","湖西市"
"22","","静岡県 - そのほかの地域","22222","伊豆市"
"22","","静岡県 - そのほかの地域","22223","御前崎市"
"22","","静岡県 - そのほかの地域","22224","菊川市"
"22","","静岡県 - そのほかの地域","22225","伊豆の国市"
"22","","静岡県 - そのほかの地域","22226","牧之原市"
"22","","静岡県 - そのほかの地域","22300","賀茂郡"
"22","","静岡県 - そのほかの地域","22320","田方郡"
"22","","静岡県 - そのほかの地域","22340","駿東郡"
"22","","静岡県 - そのほかの地域","22420","榛原郡"
"22","","静岡県 - そのほかの地域","22460","周智郡"
"22","","静岡市","22101","静岡市葵区"
"22","","静岡市","22102","静岡市駿河区"
"22","","静岡市","22103","静岡市清水区"
"22","","浜松市","22131","浜松市中区"
"22","","浜松市","22132","浜松市東区"
"22","","浜松市","22133","浜松市西区"
"22","","浜松市","22134","浜松市南区"
"22","","浜松市","22135","浜松市北区"
"22","","浜松市","22136","浜松市浜北区"
"22","","浜松市","22137","浜松市天竜区"
"23","","愛知県 - そのほかの地域","23201","豊橋市"
"23","","愛知県 - そのほかの地域","23202","岡崎市"
"23","","愛知県 - そのほかの地域","23203","一宮市"
"23","","愛知県 - そのほかの地域","23204","瀬戸市"
"23","","愛知県 - そのほかの地域","23205","半田市"
"23","","愛知県 - そのほかの地域","23206","春日井市"
"23","","愛知県 - そのほかの地域","23207","豊川市"
"23","","愛知県 - そのほかの地域","23208","津島市"
"23","","愛知県 - そのほかの地域","23209","碧南市"
"23","","愛知県 - そのほかの地域","23210","刈谷市"
"23","","愛知県 - そのほかの地域","23211","豊田市"
"23","","愛知県 - そのほかの地域","23212","安城市"
"23","","愛知県 - そのほかの地域","23213","西尾市"
"23","","愛知県 - そのほかの地域","23214","蒲郡市"
"23","","愛知県 - そのほかの地域","23215","犬山市"
"23","","愛知県 - そのほかの地域","23216","常滑市"
"23","","愛知県 - そのほかの地域","23217","江南市"
"23","","愛知県 - そのほかの地域","23219","小牧市"
"23","","愛知県 - そのほかの地域","23220","稲沢市"
"23","","愛知県 - そのほかの地域","23221","新城市"
"23","","愛知県 - そのほかの地域","23222","東海市"
"23","","愛知県 - そのほかの地域","23223","大府市"
"23","","愛知県 - そのほかの地域","23224","知多市"
"23","","愛知県 - そのほかの地域","23225","知立市"
"23","","愛知県 - そのほかの地域","23226","尾張旭市"
"23","","愛知県 - そのほかの地域","23227","高浜市"
"23","","愛知県 - そのほかの地域","23228","岩倉市"
"23","","愛知県 - そのほかの地域","23229","豊明市"
"23","","愛知県 - そのほかの地域","23230","日進市"
"23","","愛知県 - そのほかの地域","23231","田原市"
"23","","愛知県 - そのほかの地域","23232","愛西市"
"23","","愛知県 - そのほかの地域","23233","清須市"
"23","","愛知県 - そのほかの地域","23234","北名古屋市"
"23","","愛知県 - そのほかの地域","23235","弥富市"
"23","","愛知県 - そのほかの地域","23236","みよし市"
"23","","愛知県 - そのほかの地域","23237","あま市"
"23","","愛知県 - そのほかの地域","23238","長久手市"
"23","","愛知県 - そのほかの地域","23302","愛知郡東郷町"
"23","","愛知県 - そのほかの地域","23340","西春日井郡"
"23","","愛知県 - そのほかの地域","23360","丹羽郡"
"23","","愛知県 - そのほかの地域","23420","海部郡"
"23","","愛知県 - そのほかの地域","23440","知多郡"
"23","","愛知県 - そのほかの地域","23500","額田郡"
"23","","愛知県 - そのほかの地域","on","北設楽郡"
"23","","名古屋市","23101","名古屋市千種区"
"23","","名古屋市","23102","名古屋市東区"
"23","","名古屋市","23103","名古屋市北区"
"23","","名古屋市","23104","名古屋市西区"
"23","","名古屋市","23105","名古屋市中村区"
"23","","名古屋市","23106","名古屋市中区"
"23","","名古屋市","23107","名古屋市昭和区"
"23","","名古屋市","23108","名古屋市瑞穂区"
"23","","名古屋市","23109","名古屋市熱田区"
"23","","名古屋市","23110","名古屋市中川区"
"23","","名古屋市","23111","名古屋市港区"
"23","","名古屋市","23112","名古屋市南区"
"23","","名古屋市","23113","名古屋市守山区"
"23","","名古屋市","23114","名古屋市緑区"
"23","","名古屋市","23115","名古屋市名東区"
"23","","名古屋市","23116","名古屋市天白区"
"24","","三重県","24201","津市"
"24","","三重県","24202","四日市市"
"24","","三重県","24203","伊勢市"
"24","","三重県","24204","松阪市"
"24","","三重県","24205","桑名市"
"24","","三重県","24207","鈴鹿市"
"24","","三重県","24208","名張市"
"24","","三重県","24209","尾鷲市"
"24","","三重県","24210","亀山市"
"24","","三重県","24211","鳥羽市"
"24","","三重県","24214","いなべ市"
"24","","三重県","24215","志摩市"
"24","","三重県","24216","伊賀市"
"24","","三重県","24320","員弁郡"
"24","","三重県","24340","三重郡"
"24","","三重県","24440","多気郡"
"24","","三重県","24460","度会郡"
"24","","三重県","24540","北牟婁郡"
"24","","三重県","on","熊野市"
"24","","三重県","on","桑名郡"
"24","","三重県","on","南牟婁郡"
"25","","滋賀県","25201","大津市"
"25","","滋賀県","25202","彦根市"
"25","","滋賀県","25203","長浜市"
"25","","滋賀県","25204","近江八幡市"
"25","","滋賀県","25206","草津市"
"25","","滋賀県","25207","守山市"
"25","","滋賀県","25208","栗東市"
"25","","滋賀県","25209","甲賀市"
"25","","滋賀県","25210","野洲市"
"25","","滋賀県","25211","湖南市"
"25","","滋賀県","25212","高島市"
"25","","滋賀県","25213","東近江市"
"25","","滋賀県","25214","米原市"
"25","","滋賀県","25380","蒲生郡"
"25","","滋賀県","25420","愛知郡"
"25","","滋賀県","25440","犬上郡"
"26","","京都市","26101","京都市北区"
"26","","京都市","26102","京都市上京区"
"26","","京都市","26103","京都市左京区"
"26","","京都市","26104","京都市中京区"
"26","","京都市","26105","京都市東山区"
"26","","京都市","26106","京都市下京区"
"26","","京都市","26107","京都市南区"
"26","","京都市","26108","京都市右京区"
"26","","京都市","26109","京都市伏見区"
"26","","京都市","26110","京都市山科区"
"26","","京都市","26111","京都市西京区"
"26","","京都府 - そのほかの地域","26201","福知山市"
"26","","京都府 - そのほかの地域","26202","舞鶴市"
"26","","京都府 - そのほかの地域","26203","綾部市"
"26","","京都府 - そのほかの地域","26204","宇治市"
"26","","京都府 - そのほかの地域","26205","宮津市"
"26","","京都府 - そのほかの地域","26206","亀岡市"
"26","","京都府 - そのほかの地域","26207","城陽市"
"26","","京都府 - そのほかの地域","26208","向日市"
"26","","京都府 - そのほかの地域","26209","長岡京市"
"26","","京都府 - そのほかの地域","26210","八幡市"
"26","","京都府 - そのほかの地域","26211","京田辺市"
"26","","京都府 - そのほかの地域","26212","京丹後市"
"26","","京都府 - そのほかの地域","26213","南丹市"
"26","","京都府 - そのほかの地域","26214","木津川市"
"26","","京都府 - そのほかの地域","26300","乙訓郡"
"26","","京都府 - そのほかの地域","26320","久世郡"
"26","","京都府 - そのほかの地域","26340","綴喜郡"
"26","","京都府 - そのほかの地域","26360","相楽郡"
"26","","京都府 - そのほかの地域","26400","船井郡"
"26","","京都府 - そのほかの地域","26460","与謝郡"
"27","","堺市","27141","堺市堺区"
"27","","堺市","27142","堺市中区"
"27","","堺市","27143","堺市東区"
"27","","堺市","27144","堺市西区"
"27","","堺市","27145","堺市南区"
"27","","堺市","27146","堺市北区"
"27","","堺市","27147","堺市美原区"
"27","","大阪市","27102","大阪市都島区"
"27","","大阪市","27103","大阪市福島区"
"27","","大阪市","27104","大阪市此花区"
"27","","大阪市","27106","大阪市西区"
"27","","大阪市","27107","大阪市港区"
"27","","大阪市","27108","大阪市大正区"
"27","","大阪市","27109","大阪市天王寺区"
"27","","大阪市","27111","大阪市浪速区"
"27","","大阪市","27113","大阪市西淀川区"
"27","","大阪市","27114","大阪市東淀川区"
"27","","大阪市","27115","大阪市東成区"
"27","","大阪市","27116","大阪市生野区"
"27","","大阪市","27117","大阪市旭区"
"27","","大阪市","27118","大阪市城東区"
"27","","大阪市","27119","大阪市阿倍野区"
"27","","大阪市","27120","大阪市住吉区"
"27","","大阪市","27121","大阪市東住吉区"
"27","","大阪市","27122","大阪市西成区"
"27","","大阪市","27123","大阪市淀川区"
"27","","大阪市","27124","大阪市鶴見区"
"27","","大阪市","27125","大阪市住之江区"
"27","","大阪市","27126","大阪市平野区"
"27","","大阪市","27127","大阪市北区"
"27","","大阪市","27128","大阪市中央区"
"27","","大阪府 - そのほかの地域","27202","岸和田市"
"27","","大阪府 - そのほかの地域","27203","豊中市"
"27","","大阪府 - そのほかの地域","27204","池田市"
"27","","大阪府 - そのほかの地域","27205","吹田市"
"27","","大阪府 - そのほかの地域","27206","泉大津市"
"27","","大阪府 - そのほかの地域","27207","高槻市"
"27","","大阪府 - そのほかの地域","27208","貝塚市"
"27","","大阪府 - そのほかの地域","27209","守口市"
"27","","大阪府 - そのほかの地域","27210","枚方市"
"27","","大阪府 - そのほかの地域","27211","茨木市"
"27","","大阪府 - そのほかの地域","27212","八尾市"
"27","","大阪府 - そのほかの地域","27213","泉佐野市"
"27","","大阪府 - そのほかの地域","27214","富田林市"
"27","","大阪府 - そのほかの地域","27215","寝屋川市"
"27","","大阪府 - そのほかの地域","27216","河内長野市"
"27","","大阪府 - そのほかの地域","27217","松原市"
"27","","大阪府 - そのほかの地域","27218","大東市"
"27","","大阪府 - そのほかの地域","27219","和泉市"
"27","","大阪府 - そのほかの地域","27220","箕面市"
"27","","大阪府 - そのほかの地域","27221","柏原市"
"27","","大阪府 - そのほかの地域","27222","羽曳野市"
"27","","大阪府 - そのほかの地域","27223","門真市"
"27","","大阪府 - そのほかの地域","27224","摂津市"
"27","","大阪府 - そのほかの地域","27225","高石市"
"27","","大阪府 - そのほかの地域","27226","藤井寺市"
"27","","大阪府 - そのほかの地域","27227","東大阪市"
"27","","大阪府 - そのほかの地域","27228","泉南市"
"27","","大阪府 - そのほかの地域","27229","四條畷市"
"27","","大阪府 - そのほかの地域","27230","交野市"
"27","","大阪府 - そのほかの地域","27231","大阪狭山市"
"27","","大阪府 - そのほかの地域","27232","阪南市"
"27","","大阪府 - そのほかの地域","27300","三島郡"
"27","","大阪府 - そのほかの地域","27320","豊能郡"
"27","","大阪府 - そのほかの地域","27340","泉北郡"
"27","","大阪府 - そのほかの地域","27360","泉南郡"
"27","","大阪府 - そのほかの地域","27380","南河内郡"
"28","","神戸市","28101","神戸市東灘区"
"28","","神戸市","28102","神戸市灘区"
"28","","神戸市","28105","神戸市兵庫区"
"28","","神戸市","28106","神戸市長田区"
"28","","神戸市","28107","神戸市須磨区"
"28","","神戸市","28108","神戸市垂水区"
"28","","神戸市","28109","神戸市北区"
"28","","神戸市","28110","神戸市中央区"
"28","","神戸市","28111","神戸市西区"
"28","","兵庫県 - そのほかの地域","28201","姫路市"
"28","","兵庫県 - そのほかの地域","28202","尼崎市"
"28","","兵庫県 - そのほかの地域","28203","明石市"
"28","","兵庫県 - そのほかの地域","28204","西宮市"
"28","","兵庫県 - そのほかの地域","28205","洲本市"
"28","","兵庫県 - そのほかの地域","28206","芦屋市"
"28","","兵庫県 - そのほかの地域","28207","伊丹市"
"28","","兵庫県 - そのほかの地域","28208","相生市"
"28","","兵庫県 - そのほかの地域","28209","豊岡市"
"28","","兵庫県 - そのほかの地域","28210","加古川市"
"28","","兵庫県 - そのほかの地域","28212","赤穂市"
"28","","兵庫県 - そのほかの地域","28213","西脇市"
"28","","兵庫県 - そのほかの地域","28214","宝塚市"
"28","","兵庫県 - そのほかの地域","28215","三木市"
"28","","兵庫県 - そのほかの地域","28216","高砂市"
"28","","兵庫県 - そのほかの地域","28217","川西市"
"28","","兵庫県 - そのほかの地域","28218","小野市"
"28","","兵庫県 - そのほかの地域","28219","三田市"
"28","","兵庫県 - そのほかの地域","28220","加西市"
"28","","兵庫県 - そのほかの地域","28221","丹波篠山市"
"28","","兵庫県 - そのほかの地域","28222","養父市"
"28","","兵庫県 - そのほかの地域","28223","丹波市"
"28","","兵庫県 - そのほかの地域","28224","南あわじ市"
"28","","兵庫県 - そのほかの地域","28225","朝来市"
"28","","兵庫県 - そのほかの地域","28226","淡路市"
"28","","兵庫県 - そのほかの地域","28227","宍粟市"
"28","","兵庫県 - そのほかの地域","28228","加東市"
"28","","兵庫県 - そのほかの地域","28229","たつの市"
"28","","兵庫県 - そのほかの地域","28300","川辺郡"
"28","","兵庫県 - そのほかの地域","28360","多可郡"
"28","","兵庫県 - そのほかの地域","28380","加古郡"
"28","","兵庫県 - そのほかの地域","28440","神崎郡"
"28","","兵庫県 - そのほかの地域","28460","揖保郡"
"28","","兵庫県 - そのほかの地域","28480","赤穂郡"
"28","","兵庫県 - そのほかの地域","28500","佐用郡"
"28","","兵庫県 - そのほかの地域","28580","美方郡"
"29","","奈良県","29201","奈良市"
"29","","奈良県","29202","大和高田市"
"29","","奈良県","29203","大和郡山市"
"29","","奈良県","29204","天理市"
"29","","奈良県","29205","橿原市"
"29","","奈良県","29206","桜井市"
"29","","奈良県","29207","五條市"
"29","","奈良県","29208","御所市"
"29","","奈良県","29209","生駒市"
"29","","奈良県","29210","香芝市"
"29","","奈良県","29211","葛城市"
"29","","奈良県","29212","宇陀市"
"29","","奈良県","29342","生駒郡平群町"
"29","","奈良県","29343","生駒郡三郷町"
"29","","奈良県","29344","生駒郡斑鳩町"
"29","","奈良県","29345","生駒郡安堵町"
"29","","奈良県","29361","磯城郡川西町"
"29","","奈良県","29362","磯城郡三宅町"
"29","","奈良県","29363","磯城郡田原本町"
"29","","奈良県","29401","高市郡高取町"
"29","","奈良県","29402","高市郡明日香村"
"29","","奈良県","29424","北葛城郡上牧町"
"29","","奈良県","29425","北葛城郡王寺町"
"29","","奈良県","29426","北葛城郡広陵町"
"29","","奈良県","29427","北葛城郡河合町"
"29","","奈良県","29441","吉野郡吉野町"
"29","","奈良県","29442","吉野郡大淀町"
"29","","奈良県","29443","吉野郡下市町"
"29","","奈良県","29451","吉野郡上北山村"
"29","","奈良県","on","宇陀郡御杖村"
"29","","奈良県","on","宇陀郡曽爾村"
"29","","奈良県","on","吉野郡下北山村"
"29","","奈良県","on","吉野郡黒滝村"
"29","","奈良県","on","吉野郡十津川村"
"29","","奈良県","on","吉野郡川上村"
"29","","奈良県","on","吉野郡天川村"
"29","","奈良県","on","吉野郡東吉野村"
"29","","奈良県","on","吉野郡野迫川村"
"29","","奈良県","on","山辺郡山添村"
"30","","和歌山県","30201","和歌山市"
"30","","和歌山県","30202","海南市"
"30","","和歌山県","30203","橋本市"
"30","","和歌山県","30204","有田市"
"30","","和歌山県","30205","御坊市"
"30","","和歌山県","30206","田辺市"
"30","","和歌山県","30207","新宮市"
"30","","和歌山県","30208","紀の川市"
"30","","和歌山県","30209","岩出市"
"30","","和歌山県","30300","海草郡"
"30","","和歌山県","30340","伊都郡"
"30","","和歌山県","30360","有田郡"
"30","","和歌山県","30380","日高郡"
"30","","和歌山県","30400","西牟婁郡"
"30","","和歌山県","30420","東牟婁郡"
"31","","鳥取県","31201","鳥取市"
"31","","鳥取県","31202","米子市"
"31","","鳥取県","31203","倉吉市"
"31","","鳥取県","31204","境港市"
"31","","鳥取県","31300","岩美郡"
"31","","鳥取県","31320","八頭郡"
"31","","鳥取県","31360","東伯郡"
"31","","鳥取県","31380","西伯郡"
"31","","鳥取県","31400","日野郡"
"32","","島根県","32201","松江市"
"32","","島根県","32202","浜田市"
"32","","島根県","32203","出雲市"
"32","","島根県","32204","益田市"
"32","","島根県","32205","大田市"
"32","","島根県","32206","安来市"
"32","","島根県","32207","江津市"
"32","","島根県","32209","雲南市"
"32","","島根県","32340","仁多郡"
"32","","島根県","on","隠岐郡"
"32","","島根県","on","鹿足郡"
"32","","島根県","on","飯石郡"
"32","","島根県","on","邑智郡"
"33","","岡山県 - そのほかの地域","33202","倉敷市"
"33","","岡山県 - そのほかの地域","33203","津山市"
"33","","岡山県 - そのほかの地域","33204","玉野市"
"33","","岡山県 - そのほかの地域","33205","笠岡市"
"33","","岡山県 - そのほかの地域","33207","井原市"
"33","","岡山県 - そのほかの地域","33208","総社市"
"33","","岡山県 - そのほかの地域","33209","高梁市"
"33","","岡山県 - そのほかの地域","33210","新見市"
"33","","岡山県 - そのほかの地域","33211","備前市"
"33","","岡山県 - そのほかの地域","33212","瀬戸内市"
"33","","岡山県 - そのほかの地域","33213","赤磐市"
"33","","岡山県 - そのほかの地域","33214","真庭市"
"33","","岡山県 - そのほかの地域","33215","美作市"
"33","","岡山県 - そのほかの地域","33216","浅口市"
"33","","岡山県 - そのほかの地域","33340","和気郡"
"33","","岡山県 - そのほかの地域","33420","都窪郡"
"33","","岡山県 - そのほかの地域","33440","浅口郡"
"33","","岡山県 - そのほかの地域","33460","小田郡"
"33","","岡山県 - そのほかの地域","33600","苫田郡"
"33","","岡山県 - そのほかの地域","33620","勝田郡"
"33","","岡山県 - そのほかの地域","33660","久米郡"
"33","","岡山県 - そのほかの地域","on","英田郡"
"33","","岡山県 - そのほかの地域","on","加賀郡"
"33","","岡山県 - そのほかの地域","on","真庭郡"
"33","","岡山市","33101","岡山市北区"
"33","","岡山市","33102","岡山市中区"
"33","","岡山市","33103","岡山市東区"
"33","","岡山市","33104","岡山市南区"
"34","","広島県 - そのほかの地域","34202","呉市"
"34","","広島県 - そのほかの地域","34203","竹原市"
"34","","広島県 - そのほかの地域","34204","三原市"
"34","","広島県 - そのほかの地域","34205","尾道市"
"34","","広島県 - そのほかの地域","34207","福山市"
"34","","広島県 - そのほかの地域","34208","府中市"
"34","","広島県 - そのほかの地域","34209","三次市"
"34","","広島県 - そのほかの地域","34210","庄原市"
"34","","広島県 - そのほかの地域","34211","大竹市"
"34","","広島県 - そのほかの地域","34212","東広島市"
"34","","広島県 - そのほかの地域","34213","廿日市市"
"34","","広島県 - そのほかの地域","34214","安芸高田市"
"34","","広島県 - そのほかの地域","34215","江田島市"
"34","","広島県 - そのほかの地域","34300","安芸郡"
"34","","広島県 - そのほかの地域","34360","山県郡"
"34","","広島県 - そのほかの地域","34460","世羅郡"
"34","","広島県 - そのほかの地域","34540","神石郡"
"34","","広島県 - そのほかの地域","on","豊田郡"
"34","","広島市","34101","広島市中区"
"34","","広島市","34102","広島市東区"
"34","","広島市","34103","広島市南区"
"34","","広島市","34104","広島市西区"
"34","","広島市","34105","広島市安佐南区"
"34","","広島市","34106","広島市安佐北区"
"34","","広島市","34107","広島市安芸区"
"34","","広島市","34108","広島市佐伯区"
"35","","山口県","35201","下関市"
"35","","山口県","35202","宇部市"
"35","","山口県","35203","山口市"
"35","","山口県","35204","萩市"
"35","","山口県","35206","防府市"
"35","","山口県","35207","下松市"
"35","","山口県","35208","岩国市"
"35","","山口県","35210","光市"
"35","","山口県","35211","長門市"
"35","","山口県","35212","柳井市"
"35","","山口県","35213","美祢市"
"35","","山口県","35215","周南市"
"35","","山口県","35216","山陽小野田市"
"35","","山口県","35320","玖珂郡"
"35","","山口県","35340","熊毛郡"
"35","","山口県","on","阿武郡"
"35","","山口県","on","大島郡"
"36","","徳島県","36201","徳島市"
"36","","徳島県","36202","鳴門市"
"36","","徳島県","36203","小松島市"
"36","","徳島県","36204","阿南市"
"36","","徳島県","36205","吉野川市"
"36","","徳島県","36206","阿波市"
"36","","徳島県","36207","美馬市"
"36","","徳島県","36208","三好市"
"36","","徳島県","36340","名西郡"
"36","","徳島県","36380","海部郡"
"36","","徳島県","36400","板野郡"
"36","","徳島県","36460","美馬郡"
"36","","徳島県","36480","三好郡"
"36","","徳島県","on","勝浦郡"
"36","","徳島県","on","那賀郡"
"36","","徳島県","on","名東郡"
"37","","香川県","37201","高松市"
"37","","香川県","37202","丸亀市"
"37","","香川県","37203","坂出市"
"37","","香川県","37204","善通寺市"
"37","","香川県","37205","観音寺市"
"37","","香川県","37206","さぬき市"
"37","","香川県","37207","東かがわ市"
"37","","香川県","37208","三豊市"
"37","","香川県","37340","木田郡"
"37","","香川県","37380","綾歌郡"
"37","","香川県","37400","仲多度郡"
"37","","香川県","on","香川郡"
"37","","香川県","on","小豆郡"
"38","","愛媛県","38201","松山市"
"38","","愛媛県","38202","今治市"
"38","","愛媛県","38203","宇和島市"
"38","","愛媛県","38204","八幡浜市"
"38","","愛媛県","38205","新居浜市"
"38","","愛媛県","38206","西条市"
"38","","愛媛県","38207","大洲市"
"38","","愛媛県","38210","伊予市"
"38","","愛媛県","38213","四国中央市"
"38","","愛媛県","38214","西予市"
"38","","愛媛県","38215","東温市"
"38","","愛媛県","38340","越智郡"
"38","","愛媛県","38380","上浮穴郡"
"38","","愛媛県","38400","伊予郡"
"38","","愛媛県","38420","喜多郡"
"38","","愛媛県","38480","北宇和郡"
"38","","愛媛県","on","西宇和郡"
"38","","愛媛県","on","南宇和郡"
"39","","高知県","39201","高知市"
"39","","高知県","39202","室戸市"
"39","","高知県","39203","安芸市"
"39","","高知県","39204","南国市"
"39","","高知県","39205","土佐市"
"39","","高知県","39206","須崎市"
"39","","高知県","39208","宿毛市"
"39","","高知県","39209","土佐清水市"
"39","","高知県","39210","四万十市"
"39","","高知県","39211","香南市"
"39","","高知県","39212","香美市"
"39","","高知県","39300","安芸郡"
"39","","高知県","39380","吾川郡"
"39","","高知県","39400","高岡郡"
"39","","高知県","39420","幡多郡"
"39","","高知県","on","長岡郡"
"39","","高知県","on","土佐郡"
"40","","福岡県 - そのほかの地域","40202","大牟田市"
"40","","福岡県 - そのほかの地域","40203","久留米市"
"40","","福岡県 - そのほかの地域","40204","直方市"
"40","","福岡県 - そのほかの地域","40205","飯塚市"
"40","","福岡県 - そのほかの地域","40206","田川市"
"40","","福岡県 - そのほかの地域","40207","柳川市"
"40","","福岡県 - そのほかの地域","40210","八女市"
"40","","福岡県 - そのほかの地域","40211","筑後市"
"40","","福岡県 - そのほかの地域","40212","大川市"
"40","","福岡県 - そのほかの地域","40213","行橋市"
"40","","福岡県 - そのほかの地域","40214","豊前市"
"40","","福岡県 - そのほかの地域","40215","中間市"
"40","","福岡県 - そのほかの地域","40216","小郡市"
"40","","福岡県 - そのほかの地域","40217","筑紫野市"
"40","","福岡県 - そのほかの地域","40218","春日市"
"40","","福岡県 - そのほかの地域","40219","大野城市"
"40","","福岡県 - そのほかの地域","40220","宗像市"
"40","","福岡県 - そのほかの地域","40221","太宰府市"
"40","","福岡県 - そのほかの地域","40223","古賀市"
"40","","福岡県 - そのほかの地域","40224","福津市"
"40","","福岡県 - そのほかの地域","40225","うきは市"
"40","","福岡県 - そのほかの地域","40226","宮若市"
"40","","福岡県 - そのほかの地域","40227","嘉麻市"
"40","","福岡県 - そのほかの地域","40228","朝倉市"
"40","","福岡県 - そのほかの地域","40229","みやま市"
"40","","福岡県 - そのほかの地域","40230","糸島市"
"40","","福岡県 - そのほかの地域","40231","那珂川市"
"40","","福岡県 - そのほかの地域","40341","糟屋郡宇美町"
"40","","福岡県 - そのほかの地域","40342","糟屋郡篠栗町"
"40","","福岡県 - そのほかの地域","40343","糟屋郡志免町"
"40","","福岡県 - そのほかの地域","40344","糟屋郡須惠町"
"40","","福岡県 - そのほかの地域","40345","糟屋郡新宮町"
"40","","福岡県 - そのほかの地域","40348","糟屋郡久山町"
"40","","福岡県 - そのほかの地域","40349","糟屋郡粕屋町"
"40","","福岡県 - そのほかの地域","40381","遠賀郡芦屋町"
"40","","福岡県 - そのほかの地域","40382","遠賀郡水巻町"
"40","","福岡県 - そのほかの地域","40383","遠賀郡岡垣町"
"40","","福岡県 - そのほかの地域","40384","遠賀郡遠賀町"
"40","","福岡県 - そのほかの地域","40400","鞍手郡"
"40","","福岡県 - そのほかの地域","40420","嘉穂郡"
"40","","福岡県 - そのほかの地域","40440","朝倉郡"
"40","","福岡県 - そのほかの地域","40500","三井郡"
"40","","福岡県 - そのほかの地域","40520","三潴郡"
"40","","福岡県 - そのほかの地域","40540","八女郡"
"40","","福岡県 - そのほかの地域","40600","田川郡"
"40","","福岡県 - そのほかの地域","40620","京都郡"
"40","","福岡県 - そのほかの地域","40640","築上郡"
"40","","福岡市","40131","福岡市東区"
"40","","福岡市","40132","福岡市博多区"
"40","","福岡市","40133","福岡市中央区"
"40","","福岡市","40134","福岡市南区"
"40","","福岡市","40135","福岡市西区"
"40","","福岡市","40136","福岡市城南区"
"40","","福岡市","40137","福岡市早良区"
"40","","北九州市","40101","北九州市門司区"
"40","","北九州市","40103","北九州市若松区"
"40","","北九州市","40105","北九州市戸畑区"
"40","","北九州市","40106","北九州市小倉北区"
"40","","北九州市","40107","北九州市小倉南区"
"40","","北九州市","40108","北九州市八幡東区"
"40","","北九州市","40109","北九州市八幡西区"
"41","","佐賀県","41201","佐賀市"
"41","","佐賀県","41202","唐津市"
"41","","佐賀県","41203","鳥栖市"
"41","","佐賀県","41204","多久市"
"41","","佐賀県","41205","伊万里市"
"41","","佐賀県","41206","武雄市"
"41","","佐賀県","41207","鹿島市"
"41","","佐賀県","41208","小城市"
"41","","佐賀県","41209","嬉野市"
"41","","佐賀県","41210","神埼市"
"41","","佐賀県","41320","神埼郡"
"41","","佐賀県","41340","三養基郡"
"41","","佐賀県","41400","西松浦郡"
"41","","佐賀県","41420","杵島郡"
"41","","佐賀県","on","東松浦郡"
"41","","佐賀県","on","藤津郡"
"42","","長崎県","42201","長崎市"
"42","","長崎県","42202","佐世保市"
"42","","長崎県","42203","島原市"
"42","","長崎県","42204","諫早市"
"42","","長崎県","42205","大村市"
"42","","長崎県","42207","平戸市"
"42","","長崎県","42208","松浦市"
"42","","長崎県","42209","対馬市"
"42","","長崎県","42210","壱岐市"
"42","","長崎県","42212","西海市"
"42","","長崎県","42213","雲仙市"
"42","","長崎県","42214","南島原市"
"42","","長崎県","42300","西彼杵郡"
"42","","長崎県","42320","東彼杵郡"
"42","","長崎県","42380","北松浦郡"
"42","","長崎県","on","五島市"
"42","","長崎県","on","南松浦郡"
"43","","熊本県","43202","八代市"
"43","","熊本県","43203","人吉市"
"43","","熊本県","43204","荒尾市"
"43","","熊本県","43205","水俣市"
"43","","熊本県","43206","玉名市"
"43","","熊本県","43208","山鹿市"
"43","","熊本県","43210","菊池市"
"43","","熊本県","43211","宇土市"
"43","","熊本県","43212","上天草市"
"43","","熊本県","43213","宇城市"
"43","","熊本県","43214","阿蘇市"
"43","","熊本県","43215","天草市"
"43","","熊本県","43216","合志市"
"43","","熊本県","43360","玉名郡"
"43","","熊本県","43400","菊池郡"
"43","","熊本県","43420","阿蘇郡"
"43","","熊本県","43440","上益城郡"
"43","","熊本県","43460","八代郡"
"43","","熊本県","43480","葦北郡"
"43","","熊本県","43500","球磨郡"
"43","","熊本県","on","下益城郡"
"43","","熊本県","on","天草郡"
"43","","熊本市","43101","熊本市中央区"
"43","","熊本市","43102","熊本市東区"
"43","","熊本市","43103","熊本市西区"
"43","","熊本市","43104","熊本市南区"
"43","","熊本市","43105","熊本市北区"
"44","","大分県","44201","大分市"
"44","","大分県","44202","別府市"
"44","","大分県","44203","中津市"
"44","","大分県","44204","日田市"
"44","","大分県","44205","佐伯市"
"44","","大分県","44206","臼杵市"
"44","","大分県","44207","津久見市"
"44","","大分県","44208","竹田市"
"44","","大分県","44209","豊後高田市"
"44","","大分県","44210","杵築市"
"44","","大分県","44211","宇佐市"
"44","","大分県","44212","豊後大野市"
"44","","大分県","44213","由布市"
"44","","大分県","44214","国東市"
"44","","大分県","44340","速見郡"
"44","","大分県","44460","玖珠郡"
"44","","大分県","on","東国東郡"
"45","","宮崎県","45201","宮崎市"
"45","","宮崎県","45202","都城市"
"45","","宮崎県","45203","延岡市"
"45","","宮崎県","45204","日南市"
"45","","宮崎県","45205","小林市"
"45","","宮崎県","45206","日向市"
"45","","宮崎県","45207","串間市"
"45","","宮崎県","45208","西都市"
"45","","宮崎県","45209","えびの市"
"45","","宮崎県","45340","北諸県郡"
"45","","宮崎県","45360","西諸県郡"
"45","","宮崎県","45380","東諸県郡"
"45","","宮崎県","45400","児湯郡"
"45","","宮崎県","45420","東臼杵郡"
"45","","宮崎県","on","西臼杵郡"
"46","","鹿児島県","46201","鹿児島市"
"46","","鹿児島県","46203","鹿屋市"
"46","","鹿児島県","46204","枕崎市"
"46","","鹿児島県","46206","阿久根市"
"46","","鹿児島県","46208","出水市"
"46","","鹿児島県","46210","指宿市"
"46","","鹿児島県","46214","垂水市"
"46","","鹿児島県","46215","薩摩川内市"
"46","","鹿児島県","46216","日置市"
"46","","鹿児島県","46217","曽於市"
"46","","鹿児島県","46218","霧島市"
"46","","鹿児島県","46219","いちき串木野市"
"46","","鹿児島県","46220","南さつま市"
"46","","鹿児島県","46221","志布志市"
"46","","鹿児島県","46222","奄美市"
"46","","鹿児島県","46223","南九州市"
"46","","鹿児島県","46224","伊佐市"
"46","","鹿児島県","46225","姶良市"
"46","","鹿児島県","46380","薩摩郡"
"46","","鹿児島県","46440","姶良郡"
"46","","鹿児島県","46460","曽於郡"
"46","","鹿児島県","46480","肝属郡"
"46","","鹿児島県","on","熊毛郡"
"46","","鹿児島県","on","鹿児島郡"
"46","","鹿児島県","on","出水郡"
"46","","鹿児島県","on","西之表市"
"46","","鹿児島県","on","大島郡"
